{
	"format_version": "1.21.6",
	"credit": "Made with Blockbench",
	"textures": {
		"0": "pizza_inner",
		"1": "pizza_bottom",
		"2": "pizza_side",
		"3": "pizza_top",
		"particle": "pizza_inner"
	},
	"elements": [
		{
			"from": [7, 0, 1],
			"to": [15, 1, 15],
			"faces": {
				"north": {"uv": [1, 15, 9, 16], "texture": "#2"},
				"east": {"uv": [1, 15, 15, 16], "texture": "#2"},
				"south": {"uv": [7, 15, 15, 16], "texture": "#2"},
				"west": {"uv": [1, 15, 15, 16], "texture": "#0"},
				"up": {"uv": [7, 1, 15, 15], "texture": "#3"},
				"down": {"uv": [7, 1, 15, 15], "texture": "#1", "cullface": "down"}
			}
		}
	]
}